schema_version	source_repository	source_commit	source_path	source_sha256	git_blob_oid	git_authors	source_copyright	source_license	source_notice	third_party	generated	disposition	target_path	license_verdict	license_evidence
1	simple_harness	122ec55989f8a77e023aeb44ba1b4dae1b694269	backend/deskpet/harness/kernel.py	c02adff19306573d256cd7181824b49c7ee6241a254af17c416da6db2d79a11a	9570dc468dd57144ea508fe645a90362befff21c	Denny;DennyWanye	2026 DennyWanye (owner-confirmed)	BUSL-1.1	repository-busl-policy-no-file-header	none-identified	no-known-generated-content	rewrite	src/simple_harness/runtime/kernel.py	approved	source-request-ledger:owner-approval-2026-08-13
1	simple_harness	122ec55989f8a77e023aeb44ba1b4dae1b694269	backend/deskpet/harness/kernel_terminal.py	8a8160fde766001b11e78f6d308b51fc1a7f202bae56baac25da97aa23c3c6ee	2a95e741457aedef5e2b09505b39f28dc106e24e	Denny	2026 DennyWanye (owner-confirmed)	BUSL-1.1	repository-busl-policy-no-file-header	none-identified	no-known-generated-content	rewrite	src/simple_harness/runtime/terminal.py	approved	source-request-ledger:owner-approval-2026-08-13
1	simple_harness	122ec55989f8a77e023aeb44ba1b4dae1b694269	backend/deskpet/harness/admission_launch.py	4d8bca5e56377eb9116c09f166e2dbd56763f320625493336832ab5db1b60012	836ebae605b963b55f6db82535efb17f674bfe48	DennyWanye	2026 DennyWanye (owner-confirmed)	BUSL-1.1	repository-busl-policy-no-file-header	none-identified	no-known-generated-content	rewrite	src/simple_harness/runtime/admission.py	approved	source-request-ledger:owner-approval-2026-08-13
1	simple_harness	122ec55989f8a77e023aeb44ba1b4dae1b694269	backend/deskpet/harness/child_runs.py	b7883f7aeb4812c8ce459a1cd2a4e067daf05b508ca0be2c40df4ff2729bb75e	b88b8a2c824c2ddffb5f0b35ccd9ecffee10fa55	DennyWanye	2026 DennyWanye (owner-confirmed)	BUSL-1.1	repository-busl-policy-no-file-header	none-identified	no-known-generated-content	rewrite	src/simple_harness/runtime/_internal/child_runs.py	approved	source-request-ledger:owner-approval-2026-08-13
1	simple_harness	122ec55989f8a77e023aeb44ba1b4dae1b694269	backend/deskpet/harness/child_signal_runtime.py	a565242f600fac8ec94fc921c0991e8eb532ab2407a66124916447cbaf8d4948	fab4a0732a297ada94cdf9df5ca62a01397c369b	Denny;DennyWanye	2026 DennyWanye (owner-confirmed)	BUSL-1.1	repository-busl-policy-no-file-header	none-identified	no-known-generated-content	rewrite	src/simple_harness/runtime/_internal/child_signal_runtime.py	approved	source-request-ledger:owner-approval-2026-08-13
1	simple_harness	122ec55989f8a77e023aeb44ba1b4dae1b694269	backend/deskpet/harness/live_index.py	08c23ff5e9234849d2128b496ae33f65bb4e073f8aea526679264c5a2f36678a	2a173064d99b0dde2bb0c0de1235478e7244098a	DennyWanye	2026 DennyWanye (owner-confirmed)	BUSL-1.1	repository-busl-policy-no-file-header	none-identified	no-known-generated-content	rewrite	src/simple_harness/runtime/_internal/live_index.py	approved	source-request-ledger:owner-approval-2026-08-13
1	simple_harness	122ec55989f8a77e023aeb44ba1b4dae1b694269	backend/deskpet/harness/runtime.py	271aa57ad9aa42d288d23e837769b8c0382a223518ffc0835b002f49553056e5	aa00491690d49e0ade8a101466cbe621e1696968	Denny;DennyWanye	2026 DennyWanye (owner-confirmed)	BUSL-1.1	repository-busl-policy-no-file-header	none-identified	no-known-generated-content	rewrite	src/simple_harness/runtime/_internal/runtime.py	approved	source-request-ledger:owner-approval-2026-08-13
1	simple_harness	122ec55989f8a77e023aeb44ba1b4dae1b694269	backend/deskpet/harness/start_snapshot.py	6ca54fa0ebb5f53b179dbadbef0c9e1fbfa6a6ad2eac899abbbc30ef61392508	cfe9797de0247fff0546f5dec3737eb66f5f340a	DennyWanye	2026 DennyWanye (owner-confirmed)	BUSL-1.1	repository-busl-policy-no-file-header	none-identified	no-known-generated-content	rewrite	src/simple_harness/runtime/_internal/start_snapshot.py	approved	source-request-ledger:owner-approval-2026-08-13
1	simple_harness	122ec55989f8a77e023aeb44ba1b4dae1b694269	backend/deskpet/harness/user_continuations.py	dc865625cfc43521f30ce2e6d709825ee20dec4d5b98241b2f4b35e80a788df9	0678d4b0d56d3847d0e8485f4350a4f71c90e2cc	DennyWanye	2026 DennyWanye (owner-confirmed)	BUSL-1.1	repository-busl-policy-no-file-header	none-identified	no-known-generated-content	rewrite	src/simple_harness/runtime/_internal/user_continuations.py	approved	source-request-ledger:owner-approval-2026-08-13
1	simple_harness	122ec55989f8a77e023aeb44ba1b4dae1b694269	backend/deskpet/harness/reconciler.py	f9ad1987050b36521b59380588f392f123aa6b6dff6c8922ca9346d2c136c52f	8cfac82bd26f423fcd152e708ae5dd65ea29c71f	Denny;DennyWanye	2026 DennyWanye (owner-confirmed)	BUSL-1.1	repository-busl-policy-no-file-header	none-identified	no-known-generated-content	rewrite	src/simple_harness/runtime/_internal/reconciler.py	approved	source-request-ledger:owner-approval-2026-08-13
1	simple_harness	122ec55989f8a77e023aeb44ba1b4dae1b694269	backend/deskpet/harness/profiles.py	28fb381676fad8f4cb033a043969794ec8b6c57fbf61391c4368348bd21abb80	65b1784a4c16313a87c0613407e13ee84a977ba2	DennyWanye	2026 DennyWanye (owner-confirmed)	BUSL-1.1	repository-busl-policy-no-file-header	none-identified	no-known-generated-content	rewrite	src/simple_harness/runtime/profiles.py	approved	source-request-ledger:owner-approval-2026-08-13
1	simple_harness	122ec55989f8a77e023aeb44ba1b4dae1b694269	backend/deskpet/harness/tool_executor.py	1b3cb0614c6c175427da60fb7b280a230a614a9edfc8bed1d6c297590d6f48f1	26fe805c95858877eadec2a0028a6c0e2f1939b9	DennyWanye	2026 DennyWanye (owner-confirmed)	BUSL-1.1	repository-busl-policy-no-file-header	none-identified	no-known-generated-content	rewrite	src/simple_harness/tools/executor.py	approved	source-request-ledger:owner-approval-2026-08-13
1	simple_harness	122ec55989f8a77e023aeb44ba1b4dae1b694269	backend/deskpet/harness/drivers/react.py	02813f8d9d2667321cedfd4334fc3b2a08cb29eec2f602a0b3666849f30c96bc	77362fc76ab2b22c6dbbbc7f385000eb67bf4832	Denny;DennyWanye	2026 DennyWanye (owner-confirmed)	BUSL-1.1	repository-busl-policy-no-file-header	none-identified	no-known-generated-content	rewrite	src/simple_harness/runtime/drivers/react.py	approved	source-request-ledger:owner-approval-2026-08-13
1	simple_harness	122ec55989f8a77e023aeb44ba1b4dae1b694269	backend/deskpet/harness/drivers/react_loop.py	23f15968d5c88236ba464fef9c8faa291ee438a61622181c6f0752ce9a60cbcf	ef0ab300c4628969c65be00c05b64533bf21cd3f	DennyWanye	2026 DennyWanye (owner-confirmed)	BUSL-1.1	repository-busl-policy-no-file-header	none-identified	no-known-generated-content	rewrite	src/simple_harness/runtime/drivers/react_loop.py	approved	source-request-ledger:owner-approval-2026-08-13
1	simple_harness	122ec55989f8a77e023aeb44ba1b4dae1b694269	backend/deskpet/harness/drivers/workflow.py	5a24e070108ef26b555c038d6e0d6df437c28907eed02bfd7c53513377ea406e	93ad1e63da5f24b5ab4cd80e869b9629abfbcca8	DennyWanye	2026 DennyWanye (owner-confirmed)	BUSL-1.1	repository-busl-policy-no-file-header	none-identified	no-known-generated-content	rewrite	src/simple_harness/runtime/drivers/workflow.py	approved	source-request-ledger:owner-approval-2026-08-13
1	simple_harness	122ec55989f8a77e023aeb44ba1b4dae1b694269	backend/deskpet/execution/provider_invocations.py	a011362a2bebe83aad789adf72dd9cec03f89d9be547dfc6b4d711c0484bf882	e34638eba9d63061c6044fd3a10539ae55c9084d	DennyWanye	2026 DennyWanye (owner-confirmed)	BUSL-1.1	repository-busl-policy-no-file-header	none-identified	no-known-generated-content	rewrite	src/simple_harness/execution/provider_invocations.py	approved	source-request-ledger:owner-approval-2026-08-13
1	simple_harness	122ec55989f8a77e023aeb44ba1b4dae1b694269	backend/deskpet/execution/dispatch.py	8db160f54ab9644829d8503d892dcd5bf6995bf3462dc6bb161857da6dfee4fe	09358f389e5ede57f6d146b1bb259319a71e77c5	DennyWanye	2026 DennyWanye (owner-confirmed)	BUSL-1.1	repository-busl-policy-no-file-header	none-identified	no-known-generated-content	rewrite	src/simple_harness/execution/dispatch.py	approved	source-request-ledger:owner-approval-2026-08-13
1	simple_harness	122ec55989f8a77e023aeb44ba1b4dae1b694269	backend/deskpet/execution/fences.py	f94c786ff52e262baaf5a7d25a5f389d6a7ee539dbd71ebab6f0be39e7f5d3b2	5a7eeb5ab358c7b3efa6bd5423ea830cfb59e10c	DennyWanye	2026 DennyWanye (owner-confirmed)	BUSL-1.1	repository-busl-policy-no-file-header	none-identified	no-known-generated-content	rewrite	src/simple_harness/execution/fences.py	approved	source-request-ledger:owner-approval-2026-08-13
1	simple_harness	122ec55989f8a77e023aeb44ba1b4dae1b694269	backend/deskpet/harness/projector.py	78d089e6508f9c8a25a1f77fa620260a64ad814b8045c613aee9a782787c3ce1	8db1ef6d1681c7c3a84d0b3a19f4150a46c24c26	DennyWanye	2026 DennyWanye (owner-confirmed)	BUSL-1.1	repository-busl-policy-no-file-header	none-identified	no-known-generated-content	rewrite	src/simple_harness/execution/delivery.py	approved	source-request-ledger:owner-approval-2026-08-13
1	simple_harness	122ec55989f8a77e023aeb44ba1b4dae1b694269	backend/deskpet/workflows/runner.py	11b4230b96166f07d849f487d9243dccc6085fa2b480e260555d7d107e27ba51	60170eb686f8dae6c1d771712a1d56c0b794e3ce	Denny;DennyWanye	2026 DennyWanye (owner-confirmed)	BUSL-1.1	repository-busl-policy-no-file-header	none-identified	no-known-generated-content	rewrite	src/simple_harness/workflow/runner.py	approved	source-request-ledger:owner-approval-2026-08-13
1	simple_harness	122ec55989f8a77e023aeb44ba1b4dae1b694269	backend/deskpet/workflows/native.py	aa910ade353aba7629bb7f4284c6090f3ceef138978501f8b8ae875509b0f5b4	90c45e77b0692227828936186942f66650e75839	Denny;DennyWanye	2026 DennyWanye (owner-confirmed)	BUSL-1.1	explicit-spdx-header	none-identified	no-known-generated-content	rewrite	src/simple_harness/workflow/native.py	approved	source-request-ledger:owner-approval-2026-08-13
1	simple_harness	122ec55989f8a77e023aeb44ba1b4dae1b694269	backend/agent/agent_loop.py	eee7770cf5ebcd97b64a896d932cfeed7b8c0a3ce94572305b6f1f95ca0c8dea	b1eeb4dcac9ccf4e9770900208644029cecd03df	Denny;DennyWanye	2026 DennyWanye (owner-confirmed)	BUSL-1.1	explicit-spdx-header	none-identified	no-known-generated-content	rewrite	src/simple_harness/runtime/drivers/react_loop.py	approved	source-request-ledger:owner-approval-2026-08-13
1	simple_harness	122ec55989f8a77e023aeb44ba1b4dae1b694269	backend/deskpet/workflows/store/execution_uow.py	f418a1400c9e082c7f26b71c66d4bb2f1e8c74458d26a66e31a3f97538a2460a	b8d93286ed4d91c3d3f554c7e8134235e35c691b	Denny;DennyWanye	2026 DennyWanye (owner-confirmed)	BUSL-1.1	repository-busl-policy-no-file-header	none-identified	no-known-generated-content	rewrite	src/simple_harness/execution/sqlite/uow.py	approved	source-request-ledger:owner-approval-2026-08-13
1	simple_harness	122ec55989f8a77e023aeb44ba1b4dae1b694269	backend/deskpet/execution/uow_ports.py	94f830c3d937bd883a77960bd08436807a0e377eb460dd5850ccbfbd07c0e6ae	664ae33d1672a0b6c73fce7b47cc710f7069a202	DennyWanye	2026 DennyWanye (owner-confirmed)	BUSL-1.1	repository-busl-policy-no-file-header	none-identified	no-known-generated-content	rewrite	src/simple_harness/execution/uow.py	approved	source-request-ledger:owner-approval-2026-08-13
1	simple_harness	122ec55989f8a77e023aeb44ba1b4dae1b694269	backend/deskpet/workflows/execution_ports.py	ffb1304cc7aecdfa934594f3e96d4965ddb8cd47947c9f954b0a43631461b2f8	28d3baa498aae3940bd98a8580d717fd89522214	Denny;DennyWanye	2026 DennyWanye (owner-confirmed)	BUSL-1.1	repository-busl-policy-no-file-header	none-identified	no-known-generated-content	rewrite	src/simple_harness/workflow/execution_ports.py	approved	source-request-ledger:owner-approval-2026-08-13
1	simple_harness	122ec55989f8a77e023aeb44ba1b4dae1b694269	backend/deskpet/workflows/definition.py	565e59b4b1fd1aa32512ee476fc9c3dc40a106f4f45d2c9d6633a564acc78cf2	e843ceb9f0994ef2c5014010555c0860eb4fa9b5	Denny;DennyWanye	2026 DennyWanye (owner-confirmed)	BUSL-1.1	explicit-spdx-header	none-identified	no-known-generated-content	rewrite	src/simple_harness/workflow/definition.py	approved	source-request-ledger:owner-approval-2026-08-13
1	simple_harness	122ec55989f8a77e023aeb44ba1b4dae1b694269	backend/deskpet/workflows/contracts.py	332e88cbfebe40cf038588ef8fd4f67386c92ef62ac149aab62e02b0ad568244	1aae095b9acce5c80f517b401e18ebe9bb965a57	Denny;DennyWanye	2026 DennyWanye (owner-confirmed)	BUSL-1.1	explicit-spdx-header	none-identified	no-known-generated-content	rewrite	src/simple_harness/workflow/contracts.py	approved	source-request-ledger:owner-approval-2026-08-13
1	simple_harness	122ec55989f8a77e023aeb44ba1b4dae1b694269	backend/deskpet/workflows/recovery.py	6e0b6675ae781374bcc744e31d898ff1ad2871f60e9746f6e2d0c014617551de	a65ec6a847a105e79bb3160194753301025cf4b1	DennyWanye	2026 DennyWanye (owner-confirmed)	BUSL-1.1	repository-busl-policy-no-file-header	none-identified	no-known-generated-content	rewrite	src/simple_harness/workflow/recovery.py	approved	source-request-ledger:owner-approval-2026-08-13
1	simple_harness	122ec55989f8a77e023aeb44ba1b4dae1b694269	backend/deskpet/workflows/replay.py	0e117cdf617853ce9f73bef7bbfefd1234a9e048fcf942988eea1f150f3a5e10	35b127d79a4055b7a445421f90d8a453158ca136	DennyWanye	2026 DennyWanye (owner-confirmed)	BUSL-1.1	repository-busl-policy-no-file-header	none-identified	no-known-generated-content	rewrite	src/simple_harness/workflow/replay.py	approved	source-request-ledger:owner-approval-2026-08-13
1	simple_harness	122ec55989f8a77e023aeb44ba1b4dae1b694269	backend/deskpet/workflows/control.py	633930dedb4eba8ebfb51f38d9ce5374883ef08f45bf5be756187627eae68d4f	65636027ab3bb71532631cb3a303b74a0fe16a41	DennyWanye	2026 DennyWanye (owner-confirmed)	BUSL-1.1	explicit-spdx-header	none-identified	no-known-generated-content	rewrite	src/simple_harness/workflow/control.py	approved	source-request-ledger:owner-approval-2026-08-13
