batch_dir,episode,arm,layer,task_id,repetition,sdk_commit,host_commit,started_at,mission_status,stop_reason,hidden_status,public_suite,declared_complete,false_completion,valid_success,budget_conserved,usage_fully_known,unknown_usage_calls,attempts_created,settled_tokens,elapsed_seconds,result_json_sha256
runs-2845b7e-batch3-paused/h-arm,H-L3-C1-r0,H,L3,C1,0,2845b7e3162797e401d851e4b76a28438b042c30,2717a7caf4536db2c439d1541785943ccba59232,2026-09-18T00:37:49+0800,FAILED,no_dispatchable_work,FAIL,FAIL,false,false,false,true,,0,5,355174,1206.10,11910844eb1702ed8b2caa7b3480e9ff0ba81a09234f48c1b9e3974fbf40b181
runs-2845b7e-batch3-paused/h-arm,H-L3-C1-r1,H,L3,C1,1,2845b7e3162797e401d851e4b76a28438b042c30,2717a7caf4536db2c439d1541785943ccba59232,2026-09-18T00:57:55+0800,FAILED,no_dispatchable_work,FAIL,FAIL,false,false,false,true,,0,7,433029,1432.37,2a3771fb757f0369b860673afb972a29fe0cbfa87eeb367ccd7bd2fe12b00c59
runs-2845b7e-batch3-paused/h-arm,H-L3-C2-r0,H,L3,C2,0,2845b7e3162797e401d851e4b76a28438b042c30,2717a7caf4536db2c439d1541785943ccba59232,2026-09-18T01:21:48+0800,PLANNING,,FAIL,PASS,false,false,false,false,,1,0,19044,1801.68,16d9220bbfc7f7d0e3cc06f0238b79ff717cf7828669bdf172229dbc36f07e08
runs-2845b7e-batch3-paused/h-arm,H-L3-C2-r1,H,L3,C2,1,2845b7e3162797e401d851e4b76a28438b042c30,2717a7caf4536db2c439d1541785943ccba59232,2026-09-18T01:51:50+0800,FAILED,budget_exhausted,FAIL,PASS,false,false,false,false,,1,3,122909,1801.84,8ddbc10944ee1c215b28d5423bb5270ae9640ff52f511dcce76dfcaa125fe5f7
runs-2845b7e-batch3-paused/h-arm,H-L3-C3-r0,H,L3,C3,0,2845b7e3162797e401d851e4b76a28438b042c30,2717a7caf4536db2c439d1541785943ccba59232,2026-09-18T02:21:51+0800,FAILED,budget_exhausted,PASS,PASS,false,false,true,true,,0,12,427211,1061.71,107f45dc4e5cf27558f33fc7ac4838c338ffef4b3f764c324eedcacf4f21aee4
runs-2845b7e-batch3-paused/h-arm,H-L3-C3-r1,H,L3,C3,1,2845b7e3162797e401d851e4b76a28438b042c30,2717a7caf4536db2c439d1541785943ccba59232,2026-09-18T02:39:33+0800,FAILED,budget_exhausted,PASS,PASS,false,false,false,false,,1,11,330381,1801.37,0f5835f8342425fde69c343c6dc9dc59c3688e7494a9f3cd5c8adbe47db32c1a
runs-a8e902a-invalid/f-arm,F-L3-C1-r0,F,L3,C1,0,a8e902a6ad18ade512fe38830de551819adb323c,8e260f7f8c3cd64b368592a00ad899c55517045e,2026-09-17T06:16:30+0800,ACTIVE,,FAIL,PASS,false,false,false,true,,0,,,379.92,22a335313adb2a8ee9ee4be2ec975c55a28ec18555ab9207b652cb9374612271
runs-a8e902a-invalid/f-arm,F-L3-C1-r1,F,L3,C1,1,a8e902a6ad18ade512fe38830de551819adb323c,8e260f7f8c3cd64b368592a00ad899c55517045e,2026-09-17T06:16:33+0800,ACTIVE,,FAIL,PASS,false,false,false,true,,0,,,417.96,bbd47d047184037b6ec0fa230a6d7423d953b6ef4d2bfbc551bc544dd6d14353
runs-a8e902a-invalid/f-arm,F-L3-C2-r0,F,L3,C2,0,a8e902a6ad18ade512fe38830de551819adb323c,8e260f7f8c3cd64b368592a00ad899c55517045e,2026-09-17T06:22:50+0800,COMPLETED,verification_passed,PASS,PASS,true,false,true,true,,0,,,429.69,d9a1bf37d12e8c5b556b7cd28acc9fef15fe6803b0412ebfe3e7d3fc7bde04d7
runs-a8e902a-invalid/f-arm,F-L3-C2-r1,F,L3,C2,1,a8e902a6ad18ade512fe38830de551819adb323c,8e260f7f8c3cd64b368592a00ad899c55517045e,2026-09-17T06:23:31+0800,ACTIVE,,PASS,PASS,false,false,true,true,,0,,,366.33,c500be3bb545a02abd4461f2016179c20af24b60cee8ffc9a3676135261dff31
runs-a8e902a-invalid/f-arm,F-L3-C3-r0,F,L3,C3,0,a8e902a6ad18ade512fe38830de551819adb323c,8e260f7f8c3cd64b368592a00ad899c55517045e,2026-09-17T06:29:37+0800,COMPLETED,verification_passed,PASS,PASS,true,false,true,true,,0,,,111.11,649c79bc9dd8b6565cadd82209957bac47a187daf111447f14acc058ee7d457f
runs-a8e902a-invalid/f-arm,F-L3-C3-r1,F,L3,C3,1,a8e902a6ad18ade512fe38830de551819adb323c,8e260f7f8c3cd64b368592a00ad899c55517045e,2026-09-17T06:29:59+0800,COMPLETED,verification_passed,PASS,PASS,true,false,true,true,,0,,,89.66,14910af8fb9cca5a5b5576bb1b01659a794bd4806971ece810a33b8e080bb4e4
runs-a8e902a-invalid/f-arm,F-L3-C4-r0,F,L3,C4,0,a8e902a6ad18ade512fe38830de551819adb323c,8e260f7f8c3cd64b368592a00ad899c55517045e,2026-09-17T06:31:28+0800,COMPLETED,verification_passed,PASS,PASS,true,false,true,true,,0,,,243.17,7914256454c0237c485fc3b1c278625c9aa01eadf34bc89aab36a666f288167e
runs-a8e902a-invalid/f-arm,F-L3-C4-r1,F,L3,C4,1,a8e902a6ad18ade512fe38830de551819adb323c,8e260f7f8c3cd64b368592a00ad899c55517045e,2026-09-17T06:31:29+0800,COMPLETED,verification_passed,PASS,PASS,true,false,true,true,,0,,,177.47,f26435ba151b5efef33ab5a8788e67843f8a2f0a9d8cd105892ce12c4820267e
runs-a8e902a-invalid/f-arm-invalid-401,F-L3-C1-r0,F,L3,C1,0,a8e902a6ad18ade512fe38830de551819adb323c,8e260f7f8c3cd64b368592a00ad899c55517045e,2026-09-17T05:30:53+0800,FAILED,budget_exhausted,FAIL,PASS,false,false,false,false,,1,,,1801.36,15ff4e6ce007415bd4eb2101d1459883a122dfc2ec5404416914a200f795eca5
runs-a8e902a-invalid/f-arm-invalid-401,F-L3-C1-r1,F,L3,C1,1,a8e902a6ad18ade512fe38830de551819adb323c,8e260f7f8c3cd64b368592a00ad899c55517045e,2026-09-17T05:30:56+0800,FAILED,budget_exhausted,FAIL,PASS,false,false,false,false,,1,,,1801.82,fc8baf93eed9fc179d322c4d6187fe9e4f5d4e49417a4d4325ed6486356ed510
runs-a8e902a-invalid/h-arm,H-L1-0d8a4ee_1-r0,H,L1,0d8a4ee_1,0,a8e902a6ad18ade512fe38830de551819adb323c,8e260f7f8c3cd64b368592a00ad899c55517045e,2026-09-17T07:00:10+0800,FAILED,management_exhausted,,,false,false,false,true,,0,3,83912,540.34,8abf388b013b3e8e61341cb936369ec229d6d33489aed9a21058763503654502
runs-a8e902a-invalid/h-arm,H-L1-0d8a4ee_1-r1,H,L1,0d8a4ee_1,1,a8e902a6ad18ade512fe38830de551819adb323c,8e260f7f8c3cd64b368592a00ad899c55517045e,2026-09-17T07:05:59+0800,FAILED,management_exhausted,,,false,false,false,true,,0,3,87751,326.49,7715ec1d216dfab7a324b6925ccfd3ae775402ac654ba0241eb5472a0dbeeebd
runs-a8e902a-invalid/h-arm,H-L1-23cf851_1-r0,H,L1,23cf851_1,0,a8e902a6ad18ade512fe38830de551819adb323c,8e260f7f8c3cd64b368592a00ad899c55517045e,2026-09-17T07:23:17+0800,FAILED,management_exhausted,,,false,false,false,true,,0,3,127618,495.46,b628d15026ac3292d4fdc7d55c531617eb28a66be33b6e1c62a63fb9a10c7654
runs-a8e902a-invalid/h-arm,H-L1-23cf851_1-r1,H,L1,23cf851_1,1,a8e902a6ad18ade512fe38830de551819adb323c,8e260f7f8c3cd64b368592a00ad899c55517045e,2026-09-17T07:27:43+0800,FAILED,management_exhausted,,,false,false,false,true,,0,3,107527,463.82,74d82316a445b6e219ae085bce11f33a41708645a8e3bd5d8a0dd4146216d5c3
runs-a8e902a-invalid/h-arm,H-L1-37a8675_1-r0,H,L1,37a8675_1,0,a8e902a6ad18ade512fe38830de551819adb323c,8e260f7f8c3cd64b368592a00ad899c55517045e,2026-09-17T07:09:11+0800,FAILED,management_exhausted,,,false,false,false,true,,0,3,144805,423.33,ef616637119f970b30dc85bb2acadc71f85583415ad6ceffc02f207d1efd925d
runs-a8e902a-invalid/h-arm,H-L1-37a8675_1-r1,H,L1,37a8675_1,1,a8e902a6ad18ade512fe38830de551819adb323c,8e260f7f8c3cd64b368592a00ad899c55517045e,2026-09-17T07:11:25+0800,FAILED,management_exhausted,,,false,false,false,true,,0,3,116892,602.70,875aac9e1f9c7e60f6051c6b452af2ec11ee81ba8558384db2ad95dbb84078af
runs-a8e902a-invalid/h-arm,H-L1-383cbac_1-r0,H,L1,383cbac_1,0,a8e902a6ad18ade512fe38830de551819adb323c,8e260f7f8c3cd64b368592a00ad899c55517045e,2026-09-17T07:16:14+0800,FAILED,management_exhausted,,,false,false,false,true,,0,3,120125,423.59,d1a81c98e75aa86fd5a82e1a5577782f91da3dc7a1b1dcfbbcadabb3333c114d
runs-a8e902a-invalid/h-arm,H-L1-383cbac_1-r1,H,L1,383cbac_1,1,a8e902a6ad18ade512fe38830de551819adb323c,8e260f7f8c3cd64b368592a00ad899c55517045e,2026-09-17T07:21:28+0800,FAILED,management_exhausted,,,false,false,false,true,,0,3,78553,374.83,f93c11e479436765d6dd986912ab17d14c7dbc0b5767aefa992c165fb20cb79a
runs-a8e902a-invalid/h-arm,H-L1-396c5a2_1-r0,H,L1,396c5a2_1,0,a8e902a6ad18ade512fe38830de551819adb323c,8e260f7f8c3cd64b368592a00ad899c55517045e,2026-09-17T07:54:08+0800,FAILED,management_exhausted,,,false,false,false,true,,0,3,76703,513.78,b4f0531b1ce072b76384e2e2611bd9279202a51aabb696faeb0e6a6c8c3270f4
runs-a8e902a-invalid/h-arm,H-L1-396c5a2_1-r1,H,L1,396c5a2_1,1,a8e902a6ad18ade512fe38830de551819adb323c,8e260f7f8c3cd64b368592a00ad899c55517045e,2026-09-17T07:56:21+0800,FAILED,management_exhausted,,,false,false,false,true,,0,3,114738,384.06,c67e8157b6fb495a63f5f409ef8043a39fd17eab3d9122681cf4f216aa2517e9
runs-a8e902a-invalid/h-arm,H-L1-50e1ac9_1-r0,H,L1,50e1ac9_1,0,a8e902a6ad18ade512fe38830de551819adb323c,8e260f7f8c3cd64b368592a00ad899c55517045e,2026-09-17T06:36:29+0800,FAILED,management_exhausted,,,false,false,false,true,,0,3,99456,427.94,94d874604baf34dd7499575b2187b468ed25814f6b429c8453a84bce36c67bf4
runs-a8e902a-invalid/h-arm,H-L1-50e1ac9_1-r1,H,L1,50e1ac9_1,1,a8e902a6ad18ade512fe38830de551819adb323c,8e260f7f8c3cd64b368592a00ad899c55517045e,2026-09-17T06:44:07+0800,FAILED,management_exhausted,,,false,false,false,true,,0,3,92126,366.85,d37b6ab6704fc16221aebae29ba71163e593bbc56d929d5fd89b794b0303cadb
runs-a8e902a-invalid/h-arm,H-L1-530b157_1-r0,H,L1,530b157_1,0,a8e902a6ad18ade512fe38830de551819adb323c,8e260f7f8c3cd64b368592a00ad899c55517045e,2026-09-17T06:50:14+0800,FAILED,management_exhausted,,,false,false,false,true,,0,3,139650,544.76,2ebf212ece63469cc4193085dd52e687245646ff9f9460aaa539e495590005bc
runs-a8e902a-invalid/h-arm,H-L1-530b157_1-r1,H,L1,530b157_1,1,a8e902a6ad18ade512fe38830de551819adb323c,8e260f7f8c3cd64b368592a00ad899c55517045e,2026-09-17T06:59:18+0800,FAILED,management_exhausted,,,false,false,false,true,,0,3,101532,400.60,e452c2d76feab394c0dde24e7ce5aaeaf8616110d6b0783e090a799b1aae4a9d
runs-a8e902a-invalid/h-arm,H-L1-6171bbc_1-r0,H,L1,6171bbc_1,0,a8e902a6ad18ade512fe38830de551819adb323c,8e260f7f8c3cd64b368592a00ad899c55517045e,2026-09-17T07:38:08+0800,FAILED,management_exhausted,,,false,false,false,true,,0,3,84154,363.82,22e449e6990ad67ba6f2494e25a62561e69a46b21a071e620050d50e028cb2e9
runs-a8e902a-invalid/h-arm,H-L1-6171bbc_1-r1,H,L1,6171bbc_1,1,a8e902a6ad18ade512fe38830de551819adb323c,8e260f7f8c3cd64b368592a00ad899c55517045e,2026-09-17T07:43:04+0800,FAILED,management_exhausted,,,false,false,false,true,,0,3,151588,470.73,ea4bab316cfbff25fdd2b04525b31504ca3959d579cf59e860f36601c9f6d84e
runs-a8e902a-invalid/h-arm,H-L1-68ee2c9_1-r0,H,L1,68ee2c9_1,0,a8e902a6ad18ade512fe38830de551819adb323c,8e260f7f8c3cd64b368592a00ad899c55517045e,2026-09-17T07:31:33+0800,FAILED,management_exhausted,,,false,false,false,true,,0,3,128710,395.29,10abbe0a8d8c8b0e373f5861920b373b9b22aee439fcba8cb58c05e2cc7d5614
runs-a8e902a-invalid/h-arm,H-L1-68ee2c9_1-r1,H,L1,68ee2c9_1,1,a8e902a6ad18ade512fe38830de551819adb323c,8e260f7f8c3cd64b368592a00ad899c55517045e,2026-09-17T07:35:27+0800,FAILED,management_exhausted,,,false,false,false,true,,0,3,186194,457.97,514dc7ff4727cfe7a832c7ac0bf629244ef19c4f525d40247cba88126a94cc1d
runs-a8e902a-invalid/h-arm,H-L1-6c2c621_1-r0,H,L1,6c2c621_1,0,a8e902a6ad18ade512fe38830de551819adb323c,8e260f7f8c3cd64b368592a00ad899c55517045e,2026-09-17T07:44:12+0800,FAILED,management_exhausted,,,false,false,false,true,,0,3,226440,596.11,2d0ebf4bb923017cacf6b11350a91b4a539a8cde4352ab5dea0b5a6a6ced9bd3
runs-a8e902a-invalid/h-arm,H-L1-6c2c621_1-r1,H,L1,6c2c621_1,1,a8e902a6ad18ade512fe38830de551819adb323c,8e260f7f8c3cd64b368592a00ad899c55517045e,2026-09-17T07:50:55+0800,FAILED,management_exhausted,,,false,false,false,true,,0,3,77618,326.03,787ea8290bd69a26ec320b48a5540464e30bfbc3350e7afa8f0eeec83c0c797b
runs-a8e902a-invalid/h-arm,H-L1-fac291d_1-r0,H,L1,fac291d_1,0,a8e902a6ad18ade512fe38830de551819adb323c,8e260f7f8c3cd64b368592a00ad899c55517045e,2026-09-17T06:44:10+0800,FAILED,management_exhausted,,,false,false,false,true,,0,3,79035,333.07,193a781a41517adf600decdc5b8be23b263f2b19e5125c54a3794a685d02dd8c
runs-a8e902a-invalid/h-arm,H-L1-fac291d_1-r1,H,L1,fac291d_1,1,a8e902a6ad18ade512fe38830de551819adb323c,8e260f7f8c3cd64b368592a00ad899c55517045e,2026-09-17T06:49:43+0800,FAILED,management_exhausted,,,false,false,false,true,,0,3,254253,627.57,18ba591969652763843f1d617899faacda3b34915d167658d05799315bebc648
runs-a8e902a-invalid/h-arm,H-L3-C1-r0,H,L3,C1,0,a8e902a6ad18ade512fe38830de551819adb323c,9bebafeccc25352cb86ba29f729e7060c6b960ec,2026-09-17T04:32:31+0800,FAILED,planning_failed,FAIL,PASS,false,false,false,true,,0,0,15612,104.90,1d9a5eda83c715e20a798ff7502de79b6f4aa84c68c2503db909274c0c98449a
runs-a8e902a-invalid/h-arm,H-L3-C1-r1,H,L3,C1,1,a8e902a6ad18ade512fe38830de551819adb323c,9bebafeccc25352cb86ba29f729e7060c6b960ec,2026-09-17T04:32:34+0800,FAILED,planning_failed,FAIL,PASS,false,false,false,true,,0,0,17288,161.04,380e80cfe56bc71a244a0a9194a51ee6e1173fbb5264aaab9786f9aa2bec8d7e
runs-a8e902a-invalid/h-arm,H-L3-C2-r0,H,L3,C2,0,a8e902a6ad18ade512fe38830de551819adb323c,9bebafeccc25352cb86ba29f729e7060c6b960ec,2026-09-17T04:34:15+0800,FAILED,planning_failed,FAIL,PASS,false,false,false,true,,0,0,16249,122.77,19ad02e4c922b07439d8f48d80714f7fba84cc36ce6d6de076c786453f78d655
runs-a8e902a-invalid/h-arm,H-L3-C2-r1,H,L3,C2,1,a8e902a6ad18ade512fe38830de551819adb323c,9bebafeccc25352cb86ba29f729e7060c6b960ec,2026-09-17T04:35:15+0800,FAILED,planning_failed,FAIL,PASS,false,false,false,true,,0,0,15572,121.16,5449fb52ae67516200624543f9dcea2fad218b7338dd889e137dced2d311620d
runs-a8e902a-invalid/h-arm,H-L3-C3-r0,H,L3,C3,0,a8e902a6ad18ade512fe38830de551819adb323c,9bebafeccc25352cb86ba29f729e7060c6b960ec,2026-09-17T04:36:18+0800,FAILED,no_dispatchable_work,PASS,PASS,false,false,true,true,,0,6,219896,569.25,211335e093b0e0094b0d55416361d3369834f5c0267e84aa074f324b095a4817
runs-a8e902a-invalid/h-arm,H-L3-C3-r1,H,L3,C3,1,a8e902a6ad18ade512fe38830de551819adb323c,9bebafeccc25352cb86ba29f729e7060c6b960ec,2026-09-17T04:37:16+0800,FAILED,no_dispatchable_work,PASS,PASS,false,false,true,true,,0,6,205669,400.14,bb381926e19913b460c612824206e0eaa1187aefed1aaeb5ef471273bba40355
runs-a8e902a-invalid/h-arm,H-L3-C4-r0,H,L3,C4,0,a8e902a6ad18ade512fe38830de551819adb323c,9bebafeccc25352cb86ba29f729e7060c6b960ec,2026-09-17T04:43:56+0800,FAILED,planning_failed,FAIL,PASS,false,false,false,true,,0,0,15527,115.96,4ff87cc42f767af1c83fe431ba2c74d3f20fbfd151fc8586af4fb0a597c61931
runs-a8e902a-invalid/h-arm,H-L3-C4-r1,H,L3,C4,1,a8e902a6ad18ade512fe38830de551819adb323c,9bebafeccc25352cb86ba29f729e7060c6b960ec,2026-09-17T04:45:47+0800,FAILED,planning_failed,FAIL,PASS,false,false,false,true,,0,0,15722,123.58,7881cd91537972fe8f8c7e13b72e80e44dc24989556688c64877ed0150d7aeb5
runs-a8e902a-invalid/h-arm,H-L4-M1-r0,H,L4,M1,0,a8e902a6ad18ade512fe38830de551819adb323c,9bebafeccc25352cb86ba29f729e7060c6b960ec,2026-09-17T04:47:52+0800,FAILED,no_dispatchable_work,PASS,PASS,false,false,true,true,,0,5,180286,445.81,83fa78236ee06785ec800c392cb0caf87ca69ba327667401f99c81103cca6a3e
runs-a8e902a-invalid/h-arm,H-L4-M1-r1,H,L4,M1,1,a8e902a6ad18ade512fe38830de551819adb323c,9bebafeccc25352cb86ba29f729e7060c6b960ec,2026-09-17T04:47:55+0800,FAILED,no_dispatchable_work,PASS,PASS,false,false,true,true,,0,5,174905,402.59,e9fdb7e01cb5af600db0fd7eb73b82dd8905bba242e6c94249f51aa5d5e7e69b
runs-a8e902a-invalid/h-arm,H-L4-M1-r2,H,L4,M1,2,a8e902a6ad18ade512fe38830de551819adb323c,9bebafeccc25352cb86ba29f729e7060c6b960ec,2026-09-17T04:54:37+0800,FAILED,no_dispatchable_work,PASS,PASS,false,false,true,true,,0,6,222284,457.23,963eddc9741be04dffb482885fd8b2b3cf80688e4b3e187191e694071297e71d
runs-a8e902a-invalid/h-arm,H-L4-M1-r3,H,L4,M1,3,a8e902a6ad18ade512fe38830de551819adb323c,9bebafeccc25352cb86ba29f729e7060c6b960ec,2026-09-17T04:55:18+0800,FAILED,no_dispatchable_work,PASS,PASS,false,false,true,true,,0,6,241846,490.47,fd13c055bcfcc7a6a8e6b42a6dbae7cb39dacea204c16d125a44821bb15c22bd
runs-a8e902a-invalid/h-arm,H-L4-M2-r0,H,L4,M2,0,a8e902a6ad18ade512fe38830de551819adb323c,9bebafeccc25352cb86ba29f729e7060c6b960ec,2026-09-17T05:02:14+0800,FAILED,no_dispatchable_work,FAIL,VACUOUS,false,false,false,true,,0,4,119649,498.90,508f1b688fbec5aa2e1e9877bb8e1b1aa6d5dbc84b80fbda80fe058f1ab868e3
runs-a8e902a-invalid/h-arm,H-L4-M2-r1,H,L4,M2,1,a8e902a6ad18ade512fe38830de551819adb323c,9bebafeccc25352cb86ba29f729e7060c6b960ec,2026-09-17T05:03:28+0800,FAILED,no_dispatchable_work,FAIL,VACUOUS,false,false,false,true,,0,4,122811,377.43,9f1bbe1ae31e9ed98566a5ca204f40205679e3957247600e71431e6137ad6a62
runs-a8e902a-invalid/h-arm,H-L4-M2-r2,H,L4,M2,2,a8e902a6ad18ade512fe38830de551819adb323c,9bebafeccc25352cb86ba29f729e7060c6b960ec,2026-09-17T05:09:45+0800,FAILED,no_dispatchable_work,FAIL,FAIL,false,false,false,true,,0,4,144256,466.28,b1133d551602c27cae91384bdf8af059329e1dd157af9f1b2d15a2899c621e2e
runs-a8e902a-invalid/h-arm,H-L4-M2-r3,H,L4,M2,3,a8e902a6ad18ade512fe38830de551819adb323c,9bebafeccc25352cb86ba29f729e7060c6b960ec,2026-09-17T05:10:33+0800,FAILED,no_dispatchable_work,FAIL,FAIL,false,false,false,true,,0,4,144778,471.47,e15919401d565ad564a1348c7ac3efd9843707f819b179c5a042f84fe4088e9d
runs-a8e902a-invalid/h-arm,H-L4-M3-r0,H,L4,M3,0,a8e902a6ad18ade512fe38830de551819adb323c,9bebafeccc25352cb86ba29f729e7060c6b960ec,2026-09-17T04:23:21+0800,FAILED,no_progress,PASS,FAIL,false,false,true,true,,0,2,133796,498.48,31760fb7642403d7d305ebd3c1532d4d0b9246422519ae665a77ec496be724ad
runs-a8e902a-invalid/h-arm,H-L4-M3-r1,H,L4,M3,1,a8e902a6ad18ade512fe38830de551819adb323c,8e260f7f8c3cd64b368592a00ad899c55517045e,2026-09-17T05:17:31+0800,FAILED,no_progress,PASS,FAIL,false,false,true,true,,0,2,192519,538.33,3dcde5fc14d513c9b9af63de2a54f89eefb2dc31cda4342da9baa77dafa369b5
runs-a8e902a-invalid/h-arm,H-L4-M3-r2,H,L4,M3,2,a8e902a6ad18ade512fe38830de551819adb323c,8e260f7f8c3cd64b368592a00ad899c55517045e,2026-09-17T05:18:24+0800,FAILED,no_dispatchable_work,FAIL,PASS,false,false,false,true,,0,2,146830,383.47,5ad853b2e2c6d5d2f8c50f399bd51dddb1d131e76b6c7fd028c8152099d53d31
runs-a8e902a-invalid/h-arm,H-L4-M3-r3,H,L4,M3,3,a8e902a6ad18ade512fe38830de551819adb323c,8e260f7f8c3cd64b368592a00ad899c55517045e,2026-09-17T05:24:48+0800,FAILED,no_progress,PASS,FAIL,false,false,true,true,,0,2,112242,316.60,0c5bf27ada6b7625871bb494e19b467caa85b670728e3280eb8ab61268db11a9
runs-c7cfedd-batch2/h-arm,H-L3-C1-r0,H,L3,C1,0,c7cfedda455f85705cdda144bf1e3a06255ca0b5,23a3d6ebf2a9ae10bc3d49c85b03ff6ad446de87,2026-09-17T13:56:57+0800,FAILED,planning_failed,FAIL,PASS,false,false,false,true,,0,0,32424,215.71,e4807d6916ce72086685a51bb8fee90145a2833774466b9c0e04b35cdc275485
runs-c7cfedd-batch2/h-arm,H-L3-C1-r1,H,L3,C1,1,c7cfedda455f85705cdda144bf1e3a06255ca0b5,23a3d6ebf2a9ae10bc3d49c85b03ff6ad446de87,2026-09-17T14:00:33+0800,FAILED,no_dispatchable_work,FAIL,FAIL,false,false,false,true,,0,7,454596,1462.95,53d74d0c09553867d4b6d59d0ef9e178555560791cd63d7ac34fff9b473f6cb4
runs-c7cfedd-batch2/h-arm,H-L3-C2-r0,H,L3,C2,0,c7cfedda455f85705cdda144bf1e3a06255ca0b5,23a3d6ebf2a9ae10bc3d49c85b03ff6ad446de87,2026-09-17T14:24:56+0800,FAILED,no_dispatchable_work,FAIL,FAIL,false,false,false,true,,0,6,291762,887.22,5e1880e3cb8e401f621c92e0d8b135a18d7fa1bd70b55e1626a4fb5fe8c10f6b
runs-c7cfedd-batch2/h-arm,H-L3-C2-r1,H,L3,C2,1,c7cfedda455f85705cdda144bf1e3a06255ca0b5,23a3d6ebf2a9ae10bc3d49c85b03ff6ad446de87,2026-09-17T14:39:43+0800,FAILED,no_dispatchable_work,PASS,FAIL,false,false,true,true,,0,6,268975,824.78,4b44448332751477509f75580ca0c04e514031078e08ea20927cafa1bd069c8a
runs-c7cfedd-batch2/h-arm,H-L3-C3-r0,H,L3,C3,0,c7cfedda455f85705cdda144bf1e3a06255ca0b5,23a3d6ebf2a9ae10bc3d49c85b03ff6ad446de87,2026-09-17T14:53:28+0800,FAILED,artifact_conflict,PASS,PASS,false,false,true,true,,0,6,236638,531.87,9ea7b7a99da3a58776dceeda4be125dacfd84a0f3ec733f0da95b4ea0bc3bb4f
runs-c7cfedd-batch2/h-arm,H-L3-C3-r1,H,L3,C3,1,c7cfedda455f85705cdda144bf1e3a06255ca0b5,23a3d6ebf2a9ae10bc3d49c85b03ff6ad446de87,2026-09-17T15:02:20+0800,FAILED,artifact_conflict,PASS,PASS,false,false,true,true,,0,6,211582,356.91,81203e8d707accb2aecfbc012c3702137a1222b0c4997f83e8cdd75f64ceb847
runs-c7cfedd-batch2/h-arm,H-L3-C4-r0,H,L3,C4,0,c7cfedda455f85705cdda144bf1e3a06255ca0b5,23a3d6ebf2a9ae10bc3d49c85b03ff6ad446de87,2026-09-17T15:08:17+0800,FAILED,no_dispatchable_work,PASS,PASS,false,false,true,true,,0,7,265064,867.93,e4e7c51885f2582331653cecf827452780f0c4ddd7a76ee501407adadf9cf2d4
runs-c7cfedd-batch2/h-arm,H-L3-C4-r1,H,L3,C4,1,c7cfedda455f85705cdda144bf1e3a06255ca0b5,23a3d6ebf2a9ae10bc3d49c85b03ff6ad446de87,2026-09-17T15:22:44+0800,FAILED,no_dispatchable_work,FAIL,PASS,false,false,false,true,,0,7,295430,1132.91,9886f9e19c45122d820f127aef1c05091801ac1961a3edbff710f13df704ca00
runs-c7cfedd-batch2/h-arm,H-L4-M1-r0,H,L4,M1,0,c7cfedda455f85705cdda144bf1e3a06255ca0b5,23a3d6ebf2a9ae10bc3d49c85b03ff6ad446de87,2026-09-17T15:41:38+0800,FAILED,artifact_conflict,PASS,PASS,false,false,true,true,,0,6,227089,497.63,1f3368cc763d27b1372e859c013b3ff32682680f9df4de33eead28c19ed2da99
runs-c7cfedd-batch2/h-arm,H-L4-M1-r1,H,L4,M1,1,c7cfedda455f85705cdda144bf1e3a06255ca0b5,23a3d6ebf2a9ae10bc3d49c85b03ff6ad446de87,2026-09-17T15:49:55+0800,FAILED,artifact_conflict,PASS,PASS,false,false,true,true,,0,6,251490,417.12,11164c3647d7171cb4121fd74ccaadb580e196dccd2b607d560d04cfc3c3a2a2
runs-c7cfedd-batch2/h-arm,H-L4-M1-r2,H,L4,M1,2,c7cfedda455f85705cdda144bf1e3a06255ca0b5,23a3d6ebf2a9ae10bc3d49c85b03ff6ad446de87,2026-09-17T15:56:52+0800,FAILED,no_dispatchable_work,PASS,PASS,false,false,true,true,,0,6,236910,578.68,e27ea62bcd2af920a3b3164268e516b2bb6e909baebba5c39b87036b2700e5f6
runs-c7cfedd-batch2/h-arm,H-L4-M1-r3,H,L4,M1,3,c7cfedda455f85705cdda144bf1e3a06255ca0b5,4b20dc2785fe60ba93f648f31c53db7e53720b55,2026-09-17T16:06:31+0800,FAILED,artifact_conflict,PASS,PASS,false,false,true,true,,0,6,242738,424.72,ea301cba49d93f23a8607038d41b40df5ba4650bcc63db2e11fa52dbafac674f
runs-c7cfedd-batch2/h-arm,H-L4-M2-r0,H,L4,M2,0,c7cfedda455f85705cdda144bf1e3a06255ca0b5,4b20dc2785fe60ba93f648f31c53db7e53720b55,2026-09-17T16:13:36+0800,FAILED,artifact_conflict,FAIL,FAIL,false,false,false,true,,0,4,176119,463.01,4d837e5fdfc5ec52bcc944d7eb67b1bcc430743f9a4bb0dbc04e5b0b0762aa25
runs-c7cfedd-batch2/h-arm,H-L4-M2-r1,H,L4,M2,1,c7cfedda455f85705cdda144bf1e3a06255ca0b5,4b20dc2785fe60ba93f648f31c53db7e53720b55,2026-09-17T16:21:19+0800,FAILED,no_dispatchable_work,FAIL,FAIL,false,false,false,true,,0,4,185668,725.00,b55788dbf890ab6c01775bb86ddf69a159f1ddab92505a03eb5b9ca643465295
runs-c7cfedd-batch2/h-arm,H-L4-M2-r2,H,L4,M2,2,c7cfedda455f85705cdda144bf1e3a06255ca0b5,4b20dc2785fe60ba93f648f31c53db7e53720b55,2026-09-17T16:33:24+0800,FAILED,artifact_conflict,PASS,PASS,false,false,true,true,,0,4,149928,327.73,9e35123f23c2f0ef60afdce9922adf20027ab5ef4a9ce250c3cd147ceea20906
runs-c7cfedd-batch2/h-arm,H-L4-M2-r3,H,L4,M2,3,c7cfedda455f85705cdda144bf1e3a06255ca0b5,4b20dc2785fe60ba93f648f31c53db7e53720b55,2026-09-17T16:38:52+0800,FAILED,artifact_conflict,PASS,FAIL,false,false,true,true,,0,5,262539,529.35,25063aa6003251e28769fb1b10c3eb39c84a232e5a1ca1688e989f632a512e24
runs-c7cfedd-batch2/h-arm,H-L4-M3-r0,H,L4,M3,0,c7cfedda455f85705cdda144bf1e3a06255ca0b5,4b20dc2785fe60ba93f648f31c53db7e53720b55,2026-09-17T16:47:41+0800,FAILED,no_dispatchable_work,FAIL,PASS,false,false,false,true,,0,7,686712,1276.24,b49c58001553301b922e3c0bb9b5efb326999a08ce81132c4059a768364cfb3e
runs-c7cfedd-batch2/h-arm,H-L4-M3-r1,H,L4,M3,1,c7cfedda455f85705cdda144bf1e3a06255ca0b5,4b20dc2785fe60ba93f648f31c53db7e53720b55,2026-09-17T17:08:57+0800,FAILED,budget_exhausted,PASS,FAIL,false,false,false,false,,1,7,423554,1803.14,d09e5dbb35da3aaac40bb837a1210a546aaa6f719ad10d3bff64cab3625f7816
runs-c7cfedd-batch2/h-arm,H-L4-M3-r2,H,L4,M3,2,c7cfedda455f85705cdda144bf1e3a06255ca0b5,4b20dc2785fe60ba93f648f31c53db7e53720b55,2026-09-17T17:39:01+0800,FAILED,planning_failed,FAIL,FAIL,false,false,false,false,,1,0,0,303.46,eb4b9461edd720e280bd670dc5396286fd889d8ff37e60b2d353f825c83825bc
runs-c7cfedd-batch2/h-arm,H-L4-M3-r3,H,L4,M3,3,c7cfedda455f85705cdda144bf1e3a06255ca0b5,4b20dc2785fe60ba93f648f31c53db7e53720b55,2026-09-17T17:44:04+0800,FAILED,planning_failed,FAIL,FAIL,false,false,false,false,,1,0,0,303.33,e8befcabf01c36694cc6c8f83249108d21a57c3c77eec7563710402c224da2c9
runs-d360750-batch4-stopped/h-arm,H-L3-C1-r0,H,L3,C1,0,d3607501e105572465dff55f2cc4d3a77760ee57,2717a7caf4536db2c439d1541785943ccba59232,2026-09-18T05:25:23+0800,FAILED,budget_exhausted,FAIL,FAIL,false,false,false,false,,1,11,643315,1802.31,ba7b0c44fc422f84d57f2b27c49a31e8818512bb01b0ddfbd90a1e320506d185
runs-d360750-batch4-stopped/h-arm,H-L3-C1-r1,H,L3,C1,1,d3607501e105572465dff55f2cc4d3a77760ee57,2717a7caf4536db2c439d1541785943ccba59232,2026-09-18T05:55:25+0800,FAILED,budget_exhausted,FAIL,FAIL,false,false,false,true,,0,11,653107,1630.91,296c7bcc3742f86b399bb33dbd9733f960950c5663f52ff6f33ee6204bdbd8c2
runs-d360750-batch4-stopped/h-arm,H-L3-C2-r0,H,L3,C2,0,d3607501e105572465dff55f2cc4d3a77760ee57,2717a7caf4536db2c439d1541785943ccba59232,2026-09-18T06:22:36+0800,FAILED,budget_exhausted,PASS,FAIL,false,false,false,true,,0,12,518813,1411.05,294d34a5985b1e04db86f4020b2297d05e580a1451b2dfc2297047f621efbbc0
runs-d360750-batch4-stopped/h-arm,H-L3-C2-r1,H,L3,C2,1,d3607501e105572465dff55f2cc4d3a77760ee57,2717a7caf4536db2c439d1541785943ccba59232,2026-09-18T06:46:07+0800,FAILED,budget_exhausted,PASS,PASS,false,false,true,true,,0,12,586020,1749.22,1f6760dbaf9cdd5700f7bfb77301b2ccd77190fe7d2c2fbbe8b56f47acbbd328
runs-e149524-batch3-paused/h-arm,H-L3-C1-r0,H,L3,C1,0,e1495242c14a792abcc4adaacb749f4a27227478,da51bf7fe0d4100dc5f8247147bd8e6ed7804a27,2026-09-17T21:04:12+0800,FAILED,budget_exhausted,FAIL,PASS,false,false,false,true,,0,12,611650,1413.22,621445047f39670128c71b11515f861b4ced3cdee1082994141adc32f7d4b3a8
runs-e149524-batch3-paused/h-arm,H-L3-C1-r1,H,L3,C1,1,e1495242c14a792abcc4adaacb749f4a27227478,da51bf7fe0d4100dc5f8247147bd8e6ed7804a27,2026-09-17T21:27:45+0800,FAILED,budget_exhausted,PASS,PASS,false,false,true,true,,0,12,492231,1262.33,da599c473508e9af85cbf5375794d5e8e25ea7359e0b5570b942ae4978de838f
runs-f2dfa64-batch5,H-L3-C3-r0,H,L3,C3,0,f2dfa6426ff55f944887fa938dea6fa8d0bfab82,88b036a7fe420a375ee7112b147770c900457c81,2026-09-18T11:20:37+0800,COMPLETED,verification_passed,PASS,PASS,true,false,true,true,true,0,4,118806,320.67,39f9a7091f9191e6da2facb80f178414edc081cb60786e16c933096c1e69278a
runs-f2dfa64-batch5,H-L3-C3-r1,H,L3,C3,1,f2dfa6426ff55f944887fa938dea6fa8d0bfab82,88b036a7fe420a375ee7112b147770c900457c81,2026-09-18T11:21:27+0800,COMPLETED,verification_passed,PASS,PASS,true,false,true,true,true,0,4,116674,271.22,6008882516403dc21e293f21f3339561cb2c14050fabd862f0893a57fd21dc31
runs-f2dfa64-batch5,H-L4-M1-r0,H,L4,M1,0,f2dfa6426ff55f944887fa938dea6fa8d0bfab82,88b036a7fe420a375ee7112b147770c900457c81,2026-09-18T11:55:20+0800,COMPLETED,verification_passed,PASS,PASS,true,false,true,true,true,0,4,118887,282.76,33237317543f39e010d550c710a30d03bca80acd73518b03f813675ccb3ea2c2
runs-f2dfa64-batch5,H-L4-M1-r1,H,L4,M1,1,f2dfa6426ff55f944887fa938dea6fa8d0bfab82,88b036a7fe420a375ee7112b147770c900457c81,2026-09-18T11:55:23+0800,COMPLETED,verification_passed,PASS,PASS,true,false,true,true,true,0,4,116602,240.49,c98335b0651d2b002ddaa9087d9473631070e7cbb2728f70248a3bb0127b0f79
runs-f2dfa64-batch5,H-L4-M2-r0,H,L4,M2,0,f2dfa6426ff55f944887fa938dea6fa8d0bfab82,88b036a7fe420a375ee7112b147770c900457c81,2026-09-18T11:59:24+0800,COMPLETED,verification_passed,PASS,PASS,true,false,true,true,true,0,4,173220,493.92,6d3e01a1c877344d04b7d8e86b4e859a4f78bdc6589aa1c47b93a1a7379aaea8
runs-f2dfa64-batch5/superseded-batch5-f2dfa64,H-L3-C1-r0,H,L3,C1,0,f2dfa6426ff55f944887fa938dea6fa8d0bfab82,2ec7acdb6166be1f4024803da0e5fc22ba24794d,2026-09-18T09:37:41+0800,FAILED,no_dispatchable_work,FAIL,FAIL,false,false,false,true,true,0,15,866283,2684.46,7ab3c8c799e3fa3d7120932d693d8dd94ad0a86431c597e834ca1e85595458d4
runs-f2dfa64-batch5/superseded-batch5-f2dfa64,H-L3-C1-r1,H,L3,C1,1,f2dfa6426ff55f944887fa938dea6fa8d0bfab82,2ec7acdb6166be1f4024803da0e5fc22ba24794d,2026-09-18T09:37:44+0800,FAILED,no_dispatchable_work,PASS,FAIL,false,false,true,true,true,0,16,997960,3372.64,c8f1fe172b59db6b02dd6574a5651f410ab44cee7c563540a5d34221d22dfc58
runs-f2dfa64-batch5/superseded-batch5-f2dfa64,H-L3-C2-r0,H,L3,C2,0,f2dfa6426ff55f944887fa938dea6fa8d0bfab82,88b036a7fe420a375ee7112b147770c900457c81,2026-09-18T10:44:30+0800,FAILED,no_dispatchable_work,PASS,PASS,false,false,true,true,true,0,16,732151,2216.73,0eeac0772e4c551354c4a146b1d328829775feb2fc6facd16187751c43a43279
runs-f2dfa64-batch5/superseded-batch5-f2dfa64,H-L3-C2-r1,H,L3,C2,1,f2dfa6426ff55f944887fa938dea6fa8d0bfab82,88b036a7fe420a375ee7112b147770c900457c81,2026-09-18T10:44:33+0800,FAILED,no_dispatchable_work,PASS,FAIL,false,false,true,true,true,0,15,720619,2163.91,8bb4e5ff493a58c1fdd6d7887d82f20d74bd60451a0e474d1b375c455a91bc32
runs-f2dfa64-batch5/superseded-batch5-f2dfa64,H-L3-C4-r0,H,L3,C4,0,f2dfa6426ff55f944887fa938dea6fa8d0bfab82,88b036a7fe420a375ee7112b147770c900457c81,2026-09-18T11:25:57+0800,FAILED,no_dispatchable_work,PASS,PASS,false,false,true,true,true,0,13,600754,1762.15,f1f673be8304097396a08a98f99c34df0ae898ed557b9874c406605ea6729c62
runs-f2dfa64-batch5/superseded-batch5-f2dfa64,H-L3-C4-r1,H,L3,C4,1,f2dfa6426ff55f944887fa938dea6fa8d0bfab82,88b036a7fe420a375ee7112b147770c900457c81,2026-09-18T11:25:58+0800,FAILED,runtime_unavailable,FAIL,PASS,false,false,false,true,false,1,3,65471,573.67,1e625f2919a2cedd07de55efbaba7455e767fbbd2b451bd46e03b25af3fe0903
runs-f2dfa64-batch5/superseded-batch5-f2dfa64,H-L4-M2-r1,H,L4,M2,1,f2dfa6426ff55f944887fa938dea6fa8d0bfab82,88b036a7fe420a375ee7112b147770c900457c81,2026-09-18T12:00:03+0800,FAILED,budget_exhausted,PASS,PASS,false,false,true,true,true,0,48,2397273,3770.55,5c4696ee7e4510ed87b5b02fce321d27b8bc1ff7ba7f82611e96ca158b16a0b7
runs-f2dfa64-batch5/superseded-batch5-f2dfa64,H-L4-M3-r0,H,L4,M3,0,f2dfa6426ff55f944887fa938dea6fa8d0bfab82,88b036a7fe420a375ee7112b147770c900457c81,2026-09-18T12:07:38+0800,FAILED,budget_exhausted,FAIL,FAIL,false,false,false,true,true,0,23,3986892,3127.89,fa74cc37cccd913e50ed25ff38870662fd3bb5784b5ae55f81565cd4b4ec121c
runs-f2dfa64-batch5/superseded-batch5-f2dfa64,H-L4-M3-r1,H,L4,M3,1,f2dfa6426ff55f944887fa938dea6fa8d0bfab82,88b036a7fe420a375ee7112b147770c900457c81,2026-09-18T12:59:45+0800,FAILED,no_dispatchable_work,FAIL,FAIL,false,false,false,true,true,0,21,3634587,3164.12,01b86e22203096d690d2186bc64e1b1c279c1200099c7c68fdd515a366d4e957
runs-p23e-probe/h-arm,H-L3-C1-r0,H,L3,C1,0,05cfbb83a38d8342bf525992d56dab2491bba576,8e260f7f8c3cd64b368592a00ad899c55517045e,2026-09-17T11:26:58+0800,PLANNING,,FAIL,PASS,false,false,false,false,,1,0,25672,1802.40,a47c964eb28c74e3659cf33a2b2a8b89fc39f46b055484a4822387d280f73213
runs-p23f-probe/h-arm,H-L3-C1-r0,H,L3,C1,0,05cfbb83a38d8342bf525992d56dab2491bba576,23a3d6ebf2a9ae10bc3d49c85b03ff6ad446de87,2026-09-17T12:26:06+0800,FAILED,planning_failed,FAIL,PASS,false,false,false,true,,0,0,37983,339.05,8a9581ee3a0a5b1e86dfea98a46676ff05872ec45e93b74c8aa2254665695eda
runs-p23f-probe/h-arm,H-L3-C2-r0,H,L3,C2,0,05cfbb83a38d8342bf525992d56dab2491bba576,23a3d6ebf2a9ae10bc3d49c85b03ff6ad446de87,2026-09-17T12:31:45+0800,FAILED,planning_failed,FAIL,PASS,false,false,false,true,,0,0,42914,424.46,4cdd0a79fe934518e022a328dddbd1f0c67034008a2bd9b3641b4d1fe981b532
runs-p23f-probe/h-arm,H-L3-C3-r0,H,L3,C3,0,05cfbb83a38d8342bf525992d56dab2491bba576,23a3d6ebf2a9ae10bc3d49c85b03ff6ad446de87,2026-09-17T12:38:50+0800,FAILED,no_dispatchable_work,PASS,PASS,false,false,true,true,,0,6,233514,694.29,4fb3b97b6daa0dd914048bafb665c6beecfe18920b43f4a1709b28212042f59b
runs-p23f-probe/h-arm,H-L3-C4-r0,H,L3,C4,0,05cfbb83a38d8342bf525992d56dab2491bba576,23a3d6ebf2a9ae10bc3d49c85b03ff6ad446de87,2026-09-17T12:50:24+0800,FAILED,planning_failed,FAIL,PASS,false,false,false,true,,0,0,42322,416.24,88cecf00f54773328b261625f512184d68945cf7b3756a44f28079bd0ab3103a
runs-preflight-discarded/f-arm,F-L3-C1-r0,F,L3,C1,0,a8e902a6ad18ade512fe38830de551819adb323c,9bebafeccc25352cb86ba29f729e7060c6b960ec,2026-09-17T04:11:55+0800,ACTIVE,,,,false,false,false,true,,0,,,332.18,71ba9cf2c270549796f4944c2fb26af61fb0890e3f07bce457781d939c07b269
runs-preflight-discarded/h-arm,H-L3-C1-r0,H,L3,C1,0,a8e902a6ad18ade512fe38830de551819adb323c,9bebafeccc25352cb86ba29f729e7060c6b960ec,2026-09-17T04:10:16+0800,FAILED,planning_failed,,,false,false,false,true,,0,0,16114,123.75,4431ef3449f2694bce44cb20c81b0e2eb65276018ea2168327c7ecf165549783
runs/h-arm,H-L3-C1-r0,H,L3,C1,0,c0e13a4927717abfa5281e78d6fdca1ee32d732c,9cdb361d7a69cc5517a46a5e8902dfadc48d8346,2026-09-18T15:16:51+0800,COMPLETED,verification_passed,FAIL,PASS,true,true,false,true,true,0,6,249307,1122.18,e3aaf540163216e6341c6df1fda95cf39a356a663db2b4fb0923d0e6dedc1804
runs/h-arm,H-L3-C1-r1,H,L3,C1,1,c0e13a4927717abfa5281e78d6fdca1ee32d732c,9cdb361d7a69cc5517a46a5e8902dfadc48d8346,2026-09-18T15:16:54+0800,COMPLETED,verification_passed,FAIL,PASS,true,true,false,true,true,0,6,292723,909.93,4a1b8672d7bebbf1ae9d87830e9cd75cdd9eea7b3865e4e617c4293b33e98e78
runs/h-arm,H-L3-C2-r0,H,L3,C2,0,c0e13a4927717abfa5281e78d6fdca1ee32d732c,9cdb361d7a69cc5517a46a5e8902dfadc48d8346,2026-09-18T15:32:04+0800,COMPLETED,verification_passed,PASS,PASS,true,false,true,true,true,0,6,222954,590.08,722d405c91b3207eaad328e4528e0db08040fa08476ea772c14203221b3f857b
runs/h-arm,H-L3-C2-r1,H,L3,C2,1,c0e13a4927717abfa5281e78d6fdca1ee32d732c,9cdb361d7a69cc5517a46a5e8902dfadc48d8346,2026-09-18T15:35:33+0800,COMPLETED,verification_passed,PASS,PASS,true,false,true,true,true,0,6,237284,767.55,81a396b2fc5bdb46dead2d8939fb1f898d24f94a1a1509545740f000de38ab2e
runs/h-arm,H-L3-C4-r0,H,L3,C4,0,c0e13a4927717abfa5281e78d6fdca1ee32d732c,9cdb361d7a69cc5517a46a5e8902dfadc48d8346,2026-09-18T15:41:54+0800,COMPLETED,verification_passed,PASS,PASS,true,false,true,true,true,0,7,252845,728.85,df5c99bdca6963d918b78ec8fff782e0363f91a61955373dd2ae1da5353a62a9
runs/h-arm,H-L3-C4-r1,H,L3,C4,1,c0e13a4927717abfa5281e78d6fdca1ee32d732c,8ec2d2c0c4bf18dad4033fb86ed63c899571e1d7,2026-09-18T15:48:20+0800,COMPLETED,verification_passed,PASS,PASS,true,false,true,true,true,0,7,250006,794.88,31e5a24e125956384a7339bab22b697310da0f509344d303b24da0614f0b45a1
runs/h-arm,H-L4-M2-r1,H,L4,M2,1,c0e13a4927717abfa5281e78d6fdca1ee32d732c,8ec2d2c0c4bf18dad4033fb86ed63c899571e1d7,2026-09-18T16:01:36+0800,COMPLETED,verification_passed,PASS,PASS,true,false,true,true,true,0,11,473548,1782.51,d226533e6f6957a52ba8472ab32a87b6bf48154a5831c6a7159e29d78d9a3938
runs/h-arm,H-L4-M3-r0,H,L4,M3,0,c0e13a4927717abfa5281e78d6fdca1ee32d732c,65445bf0c4ceaa685bd2bd3df3ca0c23041777eb,2026-09-18T16:31:19+0800,FAILED,planning_failed,FAIL,FAIL,false,false,false,true,true,0,4,244733,728.57,2a3c96ce342e1f6dbf5182407c82452e431f84283d6648ad6d0fa69379429d25
runs/h-arm,H-L4-M3-r1,H,L4,M3,1,c0e13a4927717abfa5281e78d6fdca1ee32d732c,65445bf0c4ceaa685bd2bd3df3ca0c23041777eb,2026-09-18T16:31:22+0800,FAILED,planning_failed,FAIL,FAIL,false,false,false,true,true,0,4,239630,679.23,e50e3aa7ce9061a6825fd7372a88a9ed768e5c22db38d71b3b4d3da55820c3f8
